ch0,chRaw
0.1381259404047895,0.2815776252746582
0.13612887836854434,0.28235870361328125
0.13463752524270178,0.2836150550842285
0.13335022746611921,0.2850491905212402
0.1316384597332031,0.28602392196655274
0.1293364644643203,0.2863614463806152
0.12657410498704563,0.2861822319030762
0.12358850034396973,0.28571884155273436
0.12087147238726126,0.28546857833862305
0.11879612553534127,0.2858176422119141
0.11735388794589907,0.2867703819274902
0.11619846362936395,0.2879863548278809
0.1149180696436419,0.28905122756958007
0.11307770004154055,0.28951856613159177
0.11047124095037772,0.2891666221618652
0.10760591326882135,0.28849733352661133
0.10500638289406991,0.2880407905578613
0.10289354466489947,0.2880278205871582
0.10143927637169917,0.28864374160766604
0.10056750797988528,0.28982437133789063
0.09967607130295358,0.2909671401977539
0.09825151617022948,0.2915477180480957
0.09615431459743526,0.29141284942626955
0.0936802811161555,0.29085065841674806
0.09106594825994568,0.29009481430053713
0.08890078964936102,0.28974395751953125
0.08760940181657889,0.29024051666259765
0.08676966457065258,0.29117158889770506
0.08610083774652469,0.2922599220275879
0.08510575351722893,0.29300168991088865
0.08344745253379843,0.2930463981628418
0.08123215452987542,0.29248889923095706
0.07885371848578665,0.2917197227478027
0.07674266927781412,0.2911748504638672
0.07509577594474806,0.2910605239868164
0.0742073697947496,0.29168655395507814
0.07381556515703327,0.2928011894226074
0.07322946114454204,0.29370956420898436
0.0719942229653524,0.2939435958862305
0.07017302136737347,0.29355449676513673
0.06803272164559238,0.292802619934082
0.06605751109085437,0.29217552185058593
0.06460596536122476,0.2920424652099609
0.06382733444206182,0.2925664329528809
0.06337561036979772,0.293408088684082
0.06297073472856388,0.294288330078125
0.06218557387920745,0.2947722625732422
0.06072912856068094,0.2945551872253418
0.058816230941249575,0.2938426208496094
0.05680059739298127,0.29298618316650393
0.05523874392290484,0.2925516510009766
0.05444319107508638,0.29286718368530273
0.05415051370072824,0.29367961883544924
0.054031226418657013,0.2946630096435547
0.0535043715741218,0.29522808074951173
0.05233639405169699,0.29512819290161135
0.05069277400452532,0.2945191192626953
0.048849497671773656,0.2936727714538574
0.04727210145307942,0.2930601119995117
0.0463358372041692,0.2930694770812988
0.046083397574954,0.2937575149536133
0.04606535778202425,0.29467958450317383
0.045881955365763644,0.2954325485229492
0.04512474983693959,0.29559625625610353
0.04363844708568415,0.29500053405761717
0.0419168175940437,0.294134349822998
0.04040880236337868,0.2934510040283203
0.039466679325144305,0.29331432342529296
0.03910214050792854,0.29374778747558594
0.03908448902467426,0.2945277786254883
0.03916508066202745,0.295407657623291
0.03879737734590605,0.29583173751831054
0.0377351802567516,0.29553964614868167
0.03624470280212927,0.2947888565063477
0.03457130105565698,0.2938209915161133
0.03340031265661414,0.2933316421508789
0.033141175574624426,0.2937488555908203
0.03328162278456742,0.29456851959228514
0.03352457187184488,0.29549564361572267
0.03338205513533571,0.2960343933105469
0.03261299115054894,0.29593090057373045
0.03132109051943255,0.29527820587158204
0.02984474271417087,0.2944109344482422
0.028632244985131616,0.2937827682495117
0.02789668046872973,0.2936165237426758
0.027902759768290653,0.2941920471191406
0.02834553121782235,0.29521329879760744
0.02849388930074126,0.2959431648254395
0.02803356542402813,0.2960549545288086
0.026925834865669684,0.2954967308044434
0.025538812766744967,0.2946309089660645
0.024321609127987143,0.2939100646972656
0.023673659229973276,0.29374525070190427
0.023680458719934405,0.2942353248596191
0.02404404627710316,0.29508960723876954
0.02439787604492044,0.2959413528442383
0.02431845123886578,0.2963582229614258
0.023480803146095297,0.29599977493286134
0.02222100077335898,0.2951934623718262
0.02095280489424428,0.29435287475585936
0.02009024331845416,0.29390031814575196
0.019971155203183766,0.29418880462646485
0.020363694150511702,0.2949969291687012
0.020815879190841324,0.29587392807006835
0.020833179008147518,0.2963163948059082
0.020173033219732628,0.29606794357299804
0.019156418334756953,0.29544227600097656
0.017929027654219054,0.29458078384399417
0.016998303164977413,0.29399696350097654
0.016716301045159365,0.29405611038208007
0.017040700381311835,0.29472827911376953
0.017536017660306713,0.29558147430419923
0.017870172795381833,0.2962803268432617
0.01761030428210114,0.29637985229492186
0.016565446829271635,0.29567306518554687
0.015284919905625638,0.294704475402832
0.01435053422113619,0.29406295776367186
0.013958212715180274,0.2939554977416992
0.014143414229309315,0.2944293403625488
0.014669106506856933,0.2952544021606445
0.015135536159556706,0.29602972030639646
0.015151580395472042,0.29635498046875
0.014482428258387858,0.295981388092041
0.013401172790143967,0.2951736259460449
0.01221714706078153,0.29423892974853516
0.011569935085752436,0.2938278388977051
0.011750601890018808,0.29424831390380857
0.012332281441573945,0.29508167266845703
0.012907991083128234,0.2959208106994629
0.013107131447622877,0.2963874435424805
0.012730836673284673,0.2962709617614746
0.011761287688842437,0.29554143905639646
0.010650359649299002,0.29464786529541015
0.009759542550307143,0.2939562225341797
0.009395413253256046,0.2937838363647461
0.009889557981965336,0.29447980880737307
0.010703546988951984,0.2955122375488281
0.011184258306253025,0.29622119903564453
0.010993433705313471,0.29625473022460935
0.010242767835772604,0.2957131004333496
0.009205669131889194,0.29486387252807617
0.008305221597029733,0.2941329193115234
0.008024254723072555,0.2940157127380371
0.00840411844452904,0.29456708908081053
0.009029755176590604,0.2953770065307617
0.009589532158630065,0.2961324882507324
0.009745824248611812,0.29648767471313475
0.009181609591642492,0.29611083984375
0.00821838946340836,0.2953153419494629
0.0072595922765571474,0.29450469970703125
0.006738036676753545,0.29412065505981444
0.0068951704744684705,0.29441850662231445
0.00755136000626333,0.2952288055419922
0.008216669247178066,0.2960618019104004
0.008446737412527494,0.2964642524719238
0.008101088339325768,0.2962839317321777
0.0072276858047170545,0.29555803298950195
0.0061996352319332315,0.2946565055847168
0.005499255503368827,0.29406835556030275
0.00549529151146555,0.2941765403747559
0.00607981279000086,0.294885139465332
0.006822983990255549,0.2957675552368164
0.007365044513087171,0.29645992279052735
0.007270754181907424,0.2965140151977539
0.0064722587302273316,0.29584760665893556
0.005450830523396177,0.2949374198913574
0.004676733270228106,0.2942587661743164
0.0044609154322161615,0.29413398742675784
0.0048936716871704755,0.2946666145324707
0.005633350133309845,0.29552125930786133
0.006274831232450262,0.29629079818725584
0.006389284024915509,0.29653564453125
0.005757561576839154,0.29602142333984377
0.0048472706510884755,0.29521005630493163
0.003825836788970083,0.2942667007446289
0.0033648252716965144,0.29387435913085935
0.0037445670353055682,0.2943305206298828
0.004476479207172701,0.29515378952026367
0.005270801628034172,0.29605567932128907
0.005636816946181511,0.2965367317199707
0.00530461764033896,0.29631278991699217
0.004455685855769442,0.29555479049682615
0.0035110011547673237,0.2946817588806152
0.0029004323157540424,0.2941303825378418
0.0027643284240776445,0.2940506935119629
0.00338967425610881,0.2947452163696289
0.004297977877920189,0.29574123382568357
0.004804293558398898,0.29634559631347657
0.004698319610448698,0.296335506439209
0.004051648979348121,0.29577152252197264
0.0031337744165092496,0.2949176025390625
0.00241199973079137,0.2942450523376465
0.00226446774398803,0.2941437339782715
0.002729825590646384,0.29466480255126953
0.0034774530473393184,0.2954833984375
0.004165229731021458,0.2962561798095703
0.004355090267016304,0.29653491973876955
0.0038704279605773495,0.29612924575805666
0.00298268309765487,0.29530237197875975
0.002128581346102165,0.2944917106628418
0.0017414597771635565,0.2941401290893555
0.002056133908036273,0.29449676513671874
0.002808393874528914,0.29530633926391603
0.00357422611910857,0.2961451148986816
0.003873086521653135,0.29652301788330077
0.003529880391195672,0.29625185012817384
0.002724574378830724,0.29550214767456057
0.0018116707208439276,0.2946262168884277
0.0012573693742981007,0.2940975761413574
0.0013689914722858076,0.2942371368408203
0.0020243562412288196,0.2949338150024414
0.0028507487703348655,0.29581838607788086
0.0034022897794252493,0.29643936157226564
0.0032950094409900377,0.29639932632446286
0.002552719939426129,0.29570913314819336
0.0016468048533817559,0.2948368263244629
0.000944526333828799,0.2941538238525391
0.0008673354073719386,0.29409433364868165
0.001428843069341712,0.294685001373291
0.002274921740791802,0.29557750701904295
0.0029980577206488723,0.2963618278503418
0.003082641930615748,0.2965093231201172
0.002441760881554178,0.29591827392578124
0.0014967182359446052,0.295003776550293
0.0006645785947364535,0.2941851997375488
0.0003713927662499228,0.2938995933532715
0.000847770376623147,0.2943932723999023
0.0016467962618152976,0.2952259063720703
0.002460963836945218,0.2960902976989746
0.0028425207748059567,0.29652986526489256
0.0025128603770100955,0.2962514877319336
0.0017286050615597515,0.2955025100708008
0.0008412844709486667,0.2946323585510254
0.00023640793924450954,0.29403230667114255
0.0001228361677887979,0.2939212417602539
0.0007681512797601542,0.29458223342895506
0.0018196911777489388,0.2956709098815918
0.002401741415473335,0.29630197525024415
0.002326491010991971,0.2962742042541504
0.0017017984252692409,0.2956842422485352
0.0007973500116954524,0.2947960662841797
0.00011101383604650295,0.2941119956970215
9.572783972106036e-05,0.2940986633300781
0.0006355640000897389,0.2946514701843262
0.001466404737299809,0.2955122375488281
0.002212421491186667,0.29630340576171876
0.0023434667930523623,0.2964822769165039
0.0018181005242078885,0.2959940147399902
0.0009431211888946689,0.2951382827758789
0.00014855876816854963,0.29434675216674805
-0.0001406619494311867,0.2940546607971191
0.00025971179065609196,0.294460334777832
0.0011055089946623298,0.2953286933898926
0.0018668746906235767,0.29612815856933594
0.002127450557406818,0.2964321517944336
0.0018657937276551628,0.2962085723876953
0.0010400485928481196,0.295404052734375
0.00016085414259758846,0.29452814102172853
-0.0003000182747269764,0.2940611457824707
-0.00011130344695220451,0.29424758911132814
0.0006252758782124279,0.2949969291687012
0.0014722292839880469,0.29587392807006835
0.0020446115568288348,0.296488037109375
0.0019206706959315478,0.29640329360961915
0.0011461469762268361,0.29565216064453126
0.0002754289317218328,0.2947870635986328
-0.0004361705740366095,0.2940665626525879
-0.00044053157417695,0.2940532112121582
0.00018461092070992668,0.29468212127685545
0.0010697053996834849,0.2955890464782715
0.001742028103823623,0.2962969207763672
0.0018916590535879019,0.2964851570129394
0.0013707307034488414,0.29599220275878907
0.00036972371267085524,0.2949987411499023
-0.0005628695073101042,0.2940546607971191
-0.0007399715684577868,0.2938624572753906
-0.00022263727075561013,0.2943752479553223
0.0006221898490491595,0.29523277282714844
0.0014292601359304768,0.2960690116882324
0.001814516180770498,0.2964912986755371
0.001454498821632677,0.29616096496582034
0.0006394656231540896,0.29535898208618167
-0.0001963892563256464,0.2945191192626953
-0.0007246792598953888,0.2939760398864746
-0.0006787270107569965,0.29400814056396485
0.00012114589981948587,0.29481048583984376
0.0010336785024529505,0.29574411392211913
0.0016172991371158352,0.2963607406616211
0.001504745711136235,0.2962788963317871
0.0008091963138813218,0.2955998611450195
-9.33069635925543e-05,0.29469545364379884
-0.0006724260843304353,0.29410261154174805
-0.000713034874655516,0.2940474510192871
-0.0001181440654680066,0.29463993072509764
0.0007606313982387869,0.29553422927856443
0.0014992117237652702,0.29630340576171876
0.0016367453420731426,0.2964743423461914
0.0010838116132102504,0.2959435272216797
0.00018890044137082063,0.2950524711608887
-0.0006188585855230189,0.29423208236694337
-0.0008167479085635643,0.29401752471923825
-0.00032686940180826074,0.294500732421875
0.0005271079428929015,0.2953654670715332
0.0013187710605243042,0.2961840438842773
0.0016316557406321763,0.2965302276611328
0.0012555381287492895,0.2961797332763672
0.00042149296370846967,0.2953542900085449
-0.000440732137875266,0.29448307037353516
-0.000957424849854116,0.29394683837890623
-0.0007622910165532848,0.29412641525268557
4.067376740080064e-05,0.2949302101135254
0.0009297124343867758,0.2958382225036621
0.001497056830108201,0.29643611907958983
0.0013921980909670228,0.29635967254638673
0.0006826562836886874,0.2956640625
-0.00022793325861109048,0.2947488212585449
-0.0008750343682190631,0.2940838623046875
-0.0008055698747023721,0.2941368865966797
-0.00023568879337043658,0.29470195770263674
0.0005945578957049502,0.29554433822631837
0.0013389270374734585,0.296316032409668
0.0014559835644730734,0.2964628028869629
0.0008950012528027851,0.29592008590698243
3.4595963464501e-05,0.29506038665771483
-0.000806115181879008,0.2942032241821289
-0.001055382129950433,0.29393241882324217
-0.0005685068176736752,0.29440769195556643
0.00025355477070615473,0.2952349281311035
0.001049997347167042,0.2960527992248535
0.0013484626559610025,0.2963787841796875
0.0010037851966649969,0.29605459213256835
0.00022072006707252179,0.2952760314941406
-0.0005820116713050605,0.2944614219665527
-0.000965464592786125,0.29405826568603516
-0.0007040749939235535,0.2943052864074707
4.0826971042740023e-05,0.2950510215759277
0.0009319747718318783,0.2959611892700195
0.001431066752225374,0.29648948669433595
0.00100806255890451,0.29608705520629885
2.8776551867004674e-05,0.29510835647583006
-0.0006453657974075933,0.2944210433959961
-0.0011590312811420866,0.29388372421264647
-0.0010736436242692604,0.29394720077514647
-0.0004210161192155226,0.29459123611450194
0.0005299117562693745,0.295552978515625
0.0012360028216810703,0.29628429412841795
0.0013257900589486726,0.29640113830566406
0.0007797857323790791,0.29587104797363284
-0.0001659621123955013,0.29492191314697264
-0.0009196134664610778,0.29414949417114256
-0.0010563649349247806,0.2939911842346191
-0.0005118424793659204,0.29452526092529296
0.00035996549143718637,0.2954044151306152
0.0011422608868086326,0.2962100219726562
0.0014215534254201634,0.29651832580566406
0.0010542174039088192,0.29617250442504883
0.00024223644938531352,0.2953654670715332
-0.0005831878084109898,0.29452814102172853
-0.0010913677259488663,0.293997688293457
-0.0008758910794376962,0.2941952896118164
-3.2485196325537924e-05,0.29503803253173827
0.0008732132594320152,0.29596155166625976
0.00137490106333521,0.2964912986755371
0.0011940163538360915,0.2963347816467285
0.0004824380439713005,0.29563304901123044
-0.0004191937491346276,0.29472286224365235
-0.0010444505449282993,0.29407629013061526
-0.0009917477217738502,0.2941087532043457
-0.00040047912781199235,0.2946918487548828
0.0004744101086749386,0.2955764198303223
0.0012134250192943896,0.2963401985168457
0.0013057760104856486,0.2964591979980469
0.0007453305037037339,0.2959139633178711
-0.00014387649089181442,0.29502182006835936
-0.0008898572221823775,0.2942576789855957
-0.0011374493294476484,0.293986873626709
-0.0006613067881712231,0.294449520111084
0.0002619214838227024,0.2953780937194824
0.000980082788643366,0.2961162567138672
0.0011672148364837431,0.29632720947265623
0.0008070964766437871,0.29598356246948243
2.514262694486291e-05,0.2952021217346191
-0.0007150220145344388,0.2944473648071289
-0.001028673005518177,0.29411272048950193
-0.0007441121949439133,0.29438209533691406
2.4918150761610303e-05,0.2951516342163086
0.0008912994416770958,0.29603620529174807
0.0013233342163933015,0.296495246887207
0.0009353452389745942,0.29612634658813475
-3.857979019455948e-05,0.2951516342163086
-0.0007559180881894778,0.2944188690185547
-0.0012260070933690081,0.29392375946044924
-0.0010862880531862795,0.29404130935668943
-0.00040335089685883396,0.29471601486206056
0.0005048114885099486,0.29563447952270505
0.0011700578185542265,0.29632360458374024
0.0012201723634771011,0.29639862060546873
0.0006515321608364655,0.29584327697753904
-0.00023084548250229542,0.2949561882019043
-0.0010153681297369599,0.2941509437561035
-0.0011063904180210749,0.2940373420715332
-0.000544979238688903,0.29458763122558596
0.00034730500489832394,0.29548700332641603
0.0011259469785308007,0.29628862380981447
0.0013677705377394545,0.2965583610534668
0.0009060874292308174,0.2961151695251465
7.727422861986133e-05,0.2952879333496094
-0.0007201212467972673,0.2944758415222168
-0.0011312051957626523,0.29404167175292967
-0.0008785197515153165,0.29427642822265626
-4.388392679749442e-05,0.29511016845703125
0.0007998354723194878,0.29597021102905274
0.0012453820367988588,0.2964411735534668
0.0009836839297542865,0.2961995506286621
0.00022223626434281218,0.2954426383972168
-0.0006186948958806227,0.29458908081054686
-0.0011258095233536158,0.29405899047851564
-0.0010205998514412618,0.29414337158203124
-0.00041213701212722276,0.29474342346191407
0.0004435456847803887,0.29560815811157226
0.0011435881927157054,0.29633153915405275
0.001160306120023491,0.2963719367980957
0.0005751992865634659,0.29579856872558596
-0.00028234275458777214,0.2949352645874023
-0.0010357973857020308,0.29416067123413087
-0.0011299251879879901,0.29404348373413086
-0.000635185036889363,0.29452526092529296
0.00014297543569907756,0.29530633926391603
0.0008970865232985625,0.2960787582397461
0.0010929440787212918,0.2962969207763672
0.0007505544964632738,0.2959698486328125
-6.454967207925044e-05,0.2951534271240234
-0.0008237620660888068,0.29437740325927736
-0.0011631641288441519,0.29401426315307616
-0.0008186598489527963,0.29434206008911135
-3.682988012315702e-05,0.29512313842773436
0.0008088793279529272,0.2959853553771973
0.0012567123615110365,0.29645883560180664
0.0008007832076645793,0.29601924896240234
-0.00012699164227975013,0.29508888244628906
-0.0008665809445659867,0.2943316078186035
-0.001425636349600412,0.2937434577941895
-0.0011412672993662554,0.2940045356750488
-0.00037313517542481023,0.29476505279541015
0.0005415071698073315,0.295690746307373
0.001198243707319413,0.2963719367980957
0.0012000738160831692,0.2963982582092285
0.0005615162179353206,0.2957711601257324
-0.00033143522153566973,0.29487144470214843
-0.000995550840835413,0.29418701171875
-0.0011350266495802064,0.2940243721008301
-0.0006179222774772564,0.294528865814209
0.00031785917222265647,0.295471134185791
0.001018994817147345,0.29619306564331055
0.001171067465970399,0.29636903762817385
0.0007627961868413857,0.29597633361816406
-6.490823848231964e-05,0.2951473045349121
-0.0008647685972723029,0.2943297958374023
-0.0011754246566011983,0.2939951515197754
-0.0007854404859789499,0.2943691062927246
4.167007239785914e-05,0.2951970672607422
0.0008741454630641909,0.2960473823547363
0.001306878465668182,0.29650678634643557
0.0009694066678391788,0.2961890983581543
0.0001608789775975894,0.2953838539123535
-0.0006696285647229128,0.294539680480957
-0.0011767899637653567,0.2940085029602051
-0.0009578291309206843,0.2942079162597656
-0.00028170424080714573,0.2948782920837402
0.0006112959481350266,0.2957837677001953
0.0012390846776098585,0.2964368438720703
0.001192377248584009,0.2964144706726074
0.0005515062355948008,0.29578485488891604
-0.0004002557006405616,0.29482492446899417
-0.001157352210162943,0.29404420852661134
-0.0011621310387624484,0.2940157127380371
-0.0005571928613465893,0.29460927963256833
0.00029150287576318323,0.295463924407959
0.0009316689119979737,0.296123104095459
0.0012024627188166326,0.2964184379577637
0.0007479923981560943,0.2959792327880859
-8.225713791737421e-05,0.2951473045349121
-0.0008997896227224689,0.29431140899658204
-0.0012464937661811337,0.29393926620483396
-0.0009105848106572556,0.294256591796875
-3.2559042788815606e-05,0.2951339530944824
0.0008512338464409797,0.29603511810302735
0.0013088181630424578,0.2965194129943848
0.0009691766813734182,0.2961995506286621
0.00020201902360045265,0.2954365158081055
-0.0006621905768422476,0.29455879211425784
-0.0011398178132790981,0.2940579032897949
-0.0009286620057195605,0.2942501068115234
-0.0004107315420944224,0.2947596549987793
0.000274227549807049,0.29545021057128906
0.00105539651748765,0.2962529182434082
0.001055148877665224,0.2962742042541504
0.0004307984483297167,0.2956586456298828
-0.00041819189502650955,0.29480112075805665
-0.0010989466331757791,0.29409793853759764
-0.0011571938357661238,0.29401607513427735
-0.0005516627977958932,0.29461034774780276
0.0003934105277400568,0.29556344985961913
0.0011407371719216464,0.2963340568542481
0.0012688230785076193,0.296488037109375
0.0007850996778505648,0.29602033615112305
-7.628522281089012e-05,0.2951573944091797
-0.0008649458281691502,0.2943510818481445
-0.0011003255920256638,0.29409324645996093
-0.0006842913702242437,0.2944953155517578
0.0001521048758814647,0.2953348159790039
0.0009583336371284945,0.2961606025695801
0.0013084838283995426,0.29653745651245117
0.0009225489083012905,0.29617034912109375
0.00010824793929054,0.2953582572937012
-0.0006989447904913737,0.29453680038452146
-0.001179369733792901,0.29403230667114255
-0.0009741333217830328,0.2942176628112793
-0.00020581108625555844,0.29498178482055665
0.0007026435906697381,0.29590457916259766
0.0012639122978358452,0.29649164199829103
0.0011227248569328219,0.2963733673095703
0.00038924474028728673,0.29564783096313474
-0.0005681132898943675,0.2946788787841797
-0.001224672853320119,0.2939973258972168
-0.0011856930833875068,0.2940121078491211
-0.0005431800121249997,0.2946435356140137
0.0003402082310617893,0.2955338668823242
0.0010168776534767443,0.2962312889099121
0.0011191784213300804,0.29635643005371093
0.0006168773266583272,0.2958667182922363
-0.0002199276881365564,0.2950254249572754
-0.000955546071629676,0.29427030563354495
-0.0012781625977068556,0.29392160415649415
-0.0008889648547859563,0.29429265975952146
5.470479265162753e-05,0.29523744583129885
0.0009229763889372355,0.2961245536804199
0.0012893667909680828,0.2965172576904297
0.0009918162257785967,0.29623994827270506
0.00021676635451012283,0.2954693222045898
-0.0006632899503632439,0.29457572937011717
-0.0011734006161996935,0.29404167175292967
-0.0009435353565612203,0.29425228118896485
-0.00038291393226691506,0.29480508804321287
0.0003894908215981707,0.29558544158935546
0.001074352372353704,0.29629222869873045
0.0010207150563519285,0.2962594223022461
0.00038750168295931253,0.29563411712646487
-0.0004924178453287742,0.29474414825439454
-0.001101723846332392,0.2941123580932617
-0.001110082588399841,0.2940813446044922
-0.0004588385019394514,0.2947232246398926
0.0004624526022057873,0.2956539535522461
0.001128190961660669,0.296342716217041
0.0012455742707233597,0.29648551940917967
0.0007626709945374177,0.29601818084716797
-9.615313458177788e-05,0.2951573944091797
-0.0008473127287505489,0.29438894271850585
-0.001096821170830764,0.29411705017089845
-0.0007006518830343089,0.29449892044067383
0.0001456231938109509,0.2953481674194336
0.0009611780608673182,0.2961833381652832
0.0012699059309244087,0.29651798248291017
0.0008211336362805022,0.29608596801757814
-1.375636737771524e-05,0.29525079727172854
-0.0008379487082919024,0.29440950393676757
-0.001245274206782332,0.29397676467895506
-0.0009775781190089483,0.2942245101928711
-0.0002466457888065099,0.29495040893554686
0.0006474289726727811,0.29585769653320315
0.0011628102424625086,0.2963968086242676
0.0010854780335848857,0.2963416290283203
0.000427305307629966,0.29569217681884763
-0.000484158660461087,0.2947708320617676
-0.0011243782124715773,0.294107666015625
-0.0010926941760541209,0.29411705017089845
-0.00043295653398817135,0.294767951965332
0.0005069014797483007,0.2957181549072266
0.001220854789264647,0.29645702362060544
0.0012593550213602644,0.2965212249755859
0.0006044151896097971,0.29587862014770505
-0.00034558243119897636,0.29492156982421874
-0.001042294363507612,0.29420358657836915
-0.0013416240286056036,0.2938768768310547
-0.0008762207625110374,0.2943243980407715
8.203546426260866e-05,0.29528432846069336
0.0009190120798064361,0.2961400604248047
0.0012628644279319978,0.2965096855163574
0.0009054126203303925,0.296170711517334
0.00014482008447652683,0.2954130744934082
-0.0007214231800060089,0.29453210830688475
-0.0011724259297847817,0.29405717849731444
-0.0009146729830885048,0.2942962646484375
-0.0003302357245986154,0.29487396240234376
0.00039023579592362134,0.2956023979187012
0.001040801288745341,0.2962742042541504
0.000900898425201857,0.2961526870727539
0.00019976201797711202,0.29545562744140624
-0.0006456730417183643,0.29459701538085936
-0.0011812394240235946,0.2940373420715332
-0.001120137142257005,0.29407558441162107
-0.00045138315734638557,0.2947351264953613
0.0004743570759909721,0.29567054748535154
0.001108043533714298,0.296326847076416
0.0011000325196073857,0.2963412857055664
0.0005892730191176532,0.2958425521850586
-0.00025793343125490864,0.2949900817871094
-0.00096981921148237,0.29425840377807616
-0.001132426992902169,0.2940726852416992
-0.0006680300246994508,0.29452344894409177
0.00020549979576528488,0.29540117263793947
0.0010106606586146039,0.2962269592285156
0.0012848280149003188,0.2965273475646973
0.0007513067475710122,0.29600915908813474
-0.00012953359636475037,0.295125675201416
-0.0008581372298573364,0.29437955856323245
-0.001187300168853933,0.29402616500854495
-0.0008553788877668778,0.29434062957763674
-0.00011946981159849379,0.29507410049438476
0.000760042463661792,0.295969123840332
0.0012636385351649237,0.2964985084533691
0.0010468099783288443,0.2963030433654785
0.00030460493415779277,0.2955670547485352
-0.0006387048769277981,0.29461071014404294
-0.001249309533051357,0.293974609375
-0.0011105263453199954,0.2940907287597656
-0.00041757149468313326,0.29477516174316404
0.000488407956450776,0.29569110870361326
0.0011564497033276777,0.2963827514648438
0.001212126251253276,0.2964631652832031
0.0006422450696120241,0.29590639114379885
-0.0003820248500907564,0.294874324798584
-0.0012313759302373661,0.2939998435974121
-0.0013562284683952819,0.2938473129272461
-0.0008915985584512232,0.2942937469482422
6.236698815725861e-05,0.29524898529052734
0.0009085782970757461,0.2961137390136719
0.0012031615529116135,0.2964328765869141
0.0008405485171658622,0.29608741760253904
5.270215889918717e-06,0.29525224685668944
-0.0008359198594483641,0.2943939971923828
-0.0011987615513707195,0.2940066909790039
-0.000905845585480014,0.29428112030029296
-0.0003318281000399548,0.2948483657836914
0.00044060169011028716,0.29562978744506835
0.00111632868829048,0.29632829666137694
0.0009572326290510635,0.2961887359619141
0.0002638108616018764,0.2955006980895996
-0.0006044570701077001,0.2946200942993164
-0.0011539134914497207,0.29404708862304685
-0.0010269449933492103,0.2941530990600586
-0.0003222222098152039,0.29485124588012696
0.0006090658317932096,0.2957949638366699
0.0012025993131309365,0.2964130401611328
0.0011803043764288534,0.29641483306884764
0.0005965733194178702,0.29584327697753904
-0.00030061205322040596,0.2949399566650391
-0.001041327183371854,0.2941779899597168
-0.0011590271747385916,0.29403663635253907
-0.0006251994297057362,0.2945577049255371
0.0002485392238053552,0.2954365158081055
0.0010259788702374206,0.2962348937988281
0.0012878208956158543,0.29652301788330077
0.0007821656434750524,0.2960333251953125
-9.260013643547227e-05,0.29515666961669923
-0.000897196497964603,0.2943337631225586
-0.0012481955916869292,0.29395729064941406
-0.0009238977259957148,0.2942627334594727
-0.0001332525656653205,0.2950506591796875
0.0007953028359897751,0.2959954452514648
0.0012709781238745,0.2964970588684082
0.0010416473522905645,0.2962889862060547
0.0003189665658893115,0.29557281494140625
-0.0006567807463854769,0.2945836639404297
-0.0012560703633913706,0.293958740234375
-0.0010556739164507278,0.2941375923156738
-0.00029347805591956044,0.294893798828125
0.0006195524549059139,0.2958194732666016
0.001237624433761908,0.2964628028869629
0.0012245357634460552,0.29647470474243165
0.0005805355419515879,0.2958425521850586
-0.00031490848187576415,0.2949406814575195
-0.0011122361819892457,0.29412065505981444
-0.0013409130892088061,0.2938646125793457
-0.0007659701326004353,0.2944239234924316
0.00018725858706825083,0.295380973815918
0.0009920926694772514,0.2962060546875
0.0012521263806629102,0.29649164199829103
0.0008051302702859475,0.2960610771179199
-6.40572807984463e-05,0.29519058227539063
-0.0008925521361590749,0.2943438720703125
-0.0011991197335726178,0.29401283264160155
-0.0007966613867527172,0.29439903259277345
-0.0002266033268643608,0.2949644660949707
0.0005257215558350792,0.2957275199890137
0.0010926595935904504,0.29631675720214845
0.0009389903006444267,0.2961822509765625
0.00026890586816669115,0.2955176544189453
-0.0006249224902855066,0.2946110725402832
-0.0011545299059583236,0.2940579032897949
-0.000980183509499244,0.29421224594116213
-0.00030856491621361615,0.29487756729125975
0.0005563550088196756,0.2957538414001465
0.0010975956912360751,0.29631748199462893
0.0010639799590519416,0.29630558013916014
0.0005221463895339618,0.2957744026184082
-0.00031913798417954053,0.2949266052246094
-0.0009933876250086682,0.29423208236694337
-0.0010816531885485259,0.29412174224853516
-0.0004949417708957071,0.2946983528137207
0.00036981775177807874,0.29557065963745116
0.0011201022896868418,0.2963438034057617
0.0012945458707241952,0.2965446662902832
0.0007615218508927324,0.29602718353271484
-8.064340057822861e-05,0.2951833724975586
-0.0008865443417707675,0.29435937881469726
-0.0011868768094275839,0.2940348243713379
-0.0007821772828826012,0.2944235610961914
3.567153926431477e-05,0.29524213790893555
0.000893370278889194,0.29611806869506835
0.0013084099778036262,0.29655981063842773
0.001031675295703638,0.29630413055419924
0.000273155742426312,0.29555118560791016
-0.0006963668206644291,0.29456745147705077
-0.0012475178381329832,0.2939908409118652
-0.0010600217050031335,0.2941567039489746
-0.00032248711868138047,0.29488765716552734
0.0006006751938826271,0.29582307815551756
0.0012307885363184168,0.29647830963134764
0.001199817479947518,0.2964718246459961
0.0005817514587176942,0.2958656311035156
-0.00030065116384042634,0.29497709274291994
-0.0010431225613400374,0.2942133331298828
-0.0012689386532040436,0.2939616203308105
-0.0007958113144661549,0.29441850662231445
0.00021704361726754273,0.295435791015625
0.0009937112745852517,0.296232738494873
0.0011865708900359317,0.2964498138427734
0.000675519907415878,0.2959525489807129
-0.00019922515564946286,0.2950737380981445
-0.0009278368592014474,0.29432619094848633
-0.001211081422066218,0.29401823043823244
-0.0008136736821747204,0.29439903259277345
-0.00012205764871681124,0.2950881576538086
0.0006108675130466201,0.29583354949951174
0.0010729040080005303,0.29631748199462893
0.0008390485431969408,0.29610074996948244
0.00012148517792381908,0.2953856658935547
-0.0007414688939207381,0.2945075798034668
-0.0012175105640159778,0.2940066909790039
-0.0009676785564710078,0.2942367744445801
-0.00019313013060523465,0.29500738143920896
0.0007345106244727728,0.29595001220703127
0.001234019096675698,0.29647470474243165
0.0011118037721152274,0.2963751792907715
0.0004887875910821182,0.29576213836669923
-0.0003956436935764751,0.29486963272094724
-0.001108663208010563,0.29413398742675784
-0.0011614075463894369,0.2940575408935547
-0.0005190250375515237,0.2946893310546875
0.0003660109960364477,0.29558183670043947
0.0011262597458422396,0.29636507034301757
0.001199512443991857,0.2964628028869629
0.000543657265912767,0.29581804275512696
-0.000307608945811777,0.29496049880981445
-0.0010036410625498537,0.2942439842224121
-0.001215760471523497,0.29400705337524413
-0.0007673607894367329,0.29443979263305664
8.129521846628185e-05,0.2952901077270508
0.0009638577754007005,0.29619234085083007
0.0013587583237501533,0.2966149711608887
0.001010005703661887,0.2962868309020996
0.00020277823057979205,0.2954837417602539
-0.0007345884149644322,0.2945313835144043
-0.0012443385564551712,0.2939962387084961
-0.0009840819122792221,0.29423641204833983
-0.0002176729028178226,0.2949983787536621
0.0006973742960832974,0.2959276580810547
0.0012626363285942466,0.2965186882019043
0.0011649520376912914,0.2964447784423828
0.00046595528880760684,0.29575529098510744
-0.000444879777661944,0.29483537673950194
-0.0011268764997356406,0.2941303825378418
-0.0012290894885397252,0.2940030860900879
-0.0007097487113421619,0.29450794219970705
0.00016248459296275275,0.29538349151611326
0.0009780573803515602,0.2962190246582031
0.0011373227555717125,0.2964015007019043
0.0006021533573450366,0.29587862014770505
-0.00025379687532917083,0.2950174903869629
-0.0009961586056692617,0.2942547988891602
-0.00118863281819942,0.2940380668640137
-0.0007467945185248848,0.29446466445922853
-0.00017560290610846296,0.2950322723388672
0.0005972538633174374,0.2958173179626465
0.001130237146036439,0.2963733673095703
0.0007683723017973265,0.29602718353271484
-5.908849751012912e-05,0.29519851684570314
-0.0009396465346888094,0.2942987823486328
-0.0013721349608065703,0.2938382911682129
-0.001055956681146164,0.2941329193115234
-0.00023969785330935078,0.29494428634643555
0.0006478826638154356,0.29584508895874023
0.0012056483534346185,0.29642745971679685
0.0010673832409802686,0.29631097793579103
0.00035480480223482047,0.29560564041137694
-0.0004940862614611907,0.29474666595458987
-0.0011570610578384155,0.29406007766723635
-0.0011897715822871135,0.2940030860900879
-0.0005121854859685415,0.2946702194213867
0.000356806850459801,0.29554649353027346
0.0011062861614486441,0.2963185501098633
0.0012251730114619108,0.2964624404907227
0.0006928448442014012,0.29594425201416014
-0.00019850877204297124,0.29504884719848634
-0.0009716404947955337,0.29425588607788083
-0.001205241513634936,0.293997688293457
-0.0007952400006229765,0.2943914604187012
-1.7411219897622843e-05,0.2951689338684082
0.0008021146320638106,0.2960048294067383
0.0011422860997985507,0.29636831283569337
0.0008293028961131599,0.2960722541809082
1.2287303278790684e-05,0.29525548934936524
-0.0008364638443981165,0.29438966751098633
-0.001282679742681092,0.29391727447509763
-0.001002945566162372,0.2941765403747559
-0.0002177850313039853,0.29495725631713865
0.0006548709165144495,0.29584327697753904
0.0011340464474029477,0.29634559631347657
0.000999699411277144,0.29623165130615237
0.00028705405586409993,0.29552486419677737
-0.0005940528547209722,0.2946316337585449
-0.0011398294209175597,0.2940625953674316
-0.0010986585801798232,0.2940813446044922
-0.00044339988611530323,0.29472755432128905
0.0003440092950787177,0.2955219841003418
0.0009237593582006043,0.2961205863952637
0.0010918678807534388,0.29631097793579103
0.0004604277857115924,0.2956889343261719
-0.00035063089817649606,0.29487071990966796
-0.0010376902406621924,0.294162483215332
-0.001213426914364546,0.29396198272705076
-0.0006876889546905129,0.2944736862182617
0.00015513052874904787,0.29531967163085937
0.0009627193702004266,0.29614690780639646
0.0012629302385337438,0.29647289276123046
0.0008680183134506247,0.2960956954956055
3.361120951067553e-05,0.2952619743347168
-0.001119124765900259,0.29408639907836914
-0.0015678184729748246,0.29360570907592776
-0.0010395909182126517,0.29411272048950193
-0.00023461292736304262,0.29491291046142576
0.0006878386543043846,0.2958493995666504
0.0012476464106372376,0.29643466949462893
0.0010954756174342273,0.29630485534667966
0.00033850255222905856,0.29555479049682615
-0.0005252590759639575,0.2946803092956543
-0.0011374410434925597,0.29404491424560547
-0.0011182250137604655,0.29404130935668943
-0.0004222750032312761,0.29472864151000977
0.00049368659485588,0.2956546783447266
0.0011701089445017021,0.29635498046875
0.0011936984953480057,0.2964029312133789
0.0006156996932876746,0.2958374977111816
-0.00025536292728700616,0.29496122360229493
-0.0009867211228428152,0.2942097282409668
-0.0011249529326857743,0.2940485382080078
-0.0006554156049891069,0.29450469970703125
0.00016096342854621248,0.2953243637084961
0.0009839873698141433,0.2961674690246582
0.001274576405987271,0.29648406982421877
0.000880852150816791,0.2961083221435547
3.4524551770165335e-05,0.29526269912719727
-0.0008037178191481198,0.2944080543518066
-0.0012134849849819163,0.2939735221862793
-0.0009252279348184733,0.2942428970336914
-0.00011369587978421469,0.29505210876464844
0.0007257747693788508,0.29590639114379885
0.0011621854824873656,0.2963665199279785
0.0009866205295515074,0.29621109008789065
0.0002604607355375932,0.2954902458190918
-0.0005773469746565563,0.2946406555175781
-0.0011340747238841042,0.2940607833862305
-0.001007129160802922,0.29416717529296876
-0.0003119991660878729,0.29485593795776366
0.0005392134277075744,0.2957181549072266
0.0010864232387432504,0.29628753662109375
0.0010074598191344153,0.29622913360595704
0.0008841119990944946,0.2961238288879395
-5.3460453900089355e-05,0.29518516540527345
-0.0011436685580545336,0.29407161712646485
-0.0014978692377967673,0.29368684768676756
-0.0009915458099499785,0.29417293548583984
-0.00012391978877052123,0.29503803253173827
0.0007408587168681868,0.29591793060302735
0.0011628365864761459,0.29636363983154296
0.0009589962823589593,0.29617937088012697
0.0002644737968973132,0.2954902458190918
-0.0005659934439332104,0.2946482276916504
-0.0011395467745174415,0.29405141830444337
-0.0010305295664440606,0.294139404296875
-0.00029040718007122823,0.2948736000061035
0.0006176272208543998,0.29579423904418944
0.001264000033493029,0.2964664077758789
0.0012588700267196495,0.2964869689941406
0.0006177159110973274,0.2958584213256836
-0.000292621576680252,0.2949421119689941
-0.0010041500502979694,0.29421009063720704
-0.0011247244742187412,0.2940665626525879
-0.0006421073040703273,0.29453607559204104
0.00015774350900321643,0.29533914566040037
0.0009889628758837365,0.2961905479431152
0.0012628538911932385,0.2964902114868164
0.0008485037957912667,0.29609317779541017
-1.519594015875203e-05,0.2952291679382324
-0.0008174524461602162,0.29441022872924805
-0.0011711118658649378,0.2940326690673828
-0.0008020742415846827,0.29438533782958987
-9.9776114893535e-06,0.29517723083496095
0.0007765390031183594,0.29597959518432615
0.00113808227395934,0.29636436462402344
0.0009343819077770599,0.2961797332763672
0.000224799951994481,0.295474739074707
-0.0006504636404291442,0.29458620071411135
-0.001178158331854029,0.29403446197509764
-0.0010644809531807353,0.29412641525268557
-0.000363250538218729,0.2948202323913574
0.000551530570568115,0.2957462692260742
0.0011854492999771038,0.29640438079833986
0.000998820697278302,0.2962381362915039
0.00021092016529072888,0.2954545402526855
-0.0005424929554223024,0.29469005584716795
-0.0011285352624515466,0.29408098220825196
-0.001181237308057026,0.29400417327880857
-0.0006699191567445251,0.2945018196105957
0.00016441390351440432,0.2953395080566406
0.0009386013639695601,0.29613285064697265
0.0011541337647907879,0.2963719367980957
0.0007013216278250467,0.2959334373474121
-0.00020044474918945454,0.2950275802612305
-0.0012548526022526096,0.2939475631713867
-0.0015803243215697926,0.29358983993530274
-0.0010635104681950835,0.2940849494934082
-0.0001258828369561371,0.2950200080871582
0.0007318506553542492,0.2958926773071289
0.0011713361855820725,0.2963560676574707
0.0009337363356497486,0.29613752365112306
0.00020085834660765745,0.29540874481201174
-0.0006403555518919024,0.2945544624328613
-0.001168588861386266,0.2940023803710938
-0.0010646544926058432,0.29408458709716795
-0.00034115841508280953,0.29480112075805665
0.0006120602457725388,0.29576683044433594
0.001257834101281885,0.2964382743835449
0.0012443412376156315,0.29645017623901365
0.0005670843414521953,0.2957844924926758
-0.0003577735807284155,0.29485233306884767
-0.001021717581159709,0.294167537689209
-0.0011355853688187478,0.2940304946899414
-0.0006269559978682171,0.29452632904052733
0.000223490150287442,0.29538133621215823
0.0009735235974037693,0.296151237487793
0.0011724506474283802,0.2963740921020508
0.0007507308367503129,0.2959676933288574
-7.850802314879335e-05,0.2951368522644043
-0.0009031810725246836,0.2942937469482422
-0.0011893860973144488,0.29398326873779296
-0.0007556637592793236,0.29440156936645506
4.9280677405338924e-05,0.29520751953125
0.000855098576430513,0.2960307884216309
0.001251482704145046,0.2964527130126953
0.0010144108137340457,0.29623634338378907
0.00024950742411949944,0.29547653198242185
-0.0005947916538062148,0.2946200942993164
-0.001069168632619688,0.29412389755249024
-0.0009039501922183391,0.29427066802978513
-0.00018333174440421374,0.2949875450134277
0.0007041868954887898,0.2958894348144531
0.0012615367971053337,0.2964725303649902
0.00117058493079214,0.2964054679870605
0.00048738243017437677,0.2957322120666504
-0.0004040863335413869,0.29483249664306643
-0.0011512181536235677,0.29406187057495115
-0.0011794286080559213,0.2940095901489258
-0.0005384614195618198,0.2946395683288574
0.0003292993859778659,0.2955140495300293
0.0010771979563637402,0.2962839317321777
0.0012595652063429608,0.29649200439453127
0.0007721390236760661,0.29602033615112305
-0.00024235466011773843,0.2950008964538574
-0.0013680194229944709,0.2938473129272461
-0.0014901390912973045,0.29369478225708007
-0.0008210506496812986,0.2943471145629883
2.0192979889477325e-05,0.29518877029418944
0.0008513408628453845,0.29603729248046873
0.0012711090895338728,0.2964830017089844
0.0010018308591591696,0.29623416900634764
0.00023577716739103804,0.29547292709350587
-0.0006153128876755787,0.29460927963256833
-0.0011062517928859261,0.29409576416015626
-0.0009561985954071317,0.29422630310058595
-0.00021014209786424098,0.2949680709838867
0.0006740248096447909,0.29586599349975584
0.0013019608631345547,0.2965205001831055
0.0012041816861551036,0.29644729614257814
0.0005047554926175257,0.29575817108154295
-0.0003849485344711301,0.29486061096191407
-0.0010380871187133933,0.2941862869262695
-0.001082354902095961,0.29411993026733396
-0.0005019847358167517,0.29469005584716795
0.0003371206632452606,0.2955360412597656
0.0010891245878710265,0.2963102722167969
0.0012309533174271192,0.296477222442627
0.0007250148235883325,0.29598608016967776
-8.322326585219475e-05,0.29517614364624023
-0.0008805864342021352,0.29436080932617187
-0.0011570001266606456,0.2940607833862305
-0.0007500569472475571,0.29445241928100585
8.02151877911661e-05,0.29528432846069336
0.0008999007094747657,0.2961223793029785
0.0012031436925997174,0.29645017623901365
0.000924645088767273,0.2961905479431152
0.0001406954151413342,0.2954094696044922
-0.0007261756525853702,0.2945277786254883
-0.0012021680391918754,0.2940272521972656
-0.0009869427326072988,0.29422233581542967
-0.0002590007529551519,0.2949449920654297
0.0006187225970649135,0.2958353424072266
0.0012049973608218578,0.2964462089538574
0.0010261088241279026,0.2962882614135742
0.0003019817587293083,0.2955702972412109
-0.0005960222166552231,0.2946601295471191
-0.001287725353254665,0.2939421463012695
-0.0012301570339337542,0.293974609375
-0.0005998390952813848,0.2945926856994629
0.00035679612961736495,0.29555660247802734
0.0010709290516294767,0.2962925910949707
0.0011940558349767816,0.2964400863647461
0.0006672847036288121,0.2959269332885742
-0.0003345135203510208,0.29491830825805665
-0.0014473815842945825,0.2937759017944336
-0.0015675588610559177,0.2936237335205078
-0.000874659832272251,0.2942987823486328
-1.8549310797755236e-05,0.29515451431274414
0.0008154856158478774,0.2960051918029785
0.001226082870694034,0.29644081115722654
0.0009103582866444859,0.2961436653137207
0.00015884461761572766,0.29539539337158205
-0.0006645566552297422,0.2945584297180176
-0.0011799505196837812,0.29401895523071286
-0.0009853008653691875,0.29419349670410155
-0.00017010000553246973,0.29500522613525393
0.0007493042681377404,0.29593992233276367
0.0013191913822378498,0.2965367317199707
0.001169122480740581,0.2964105224609375
0.0004742854107644412,0.2957253646850586
-0.0004473146315572829,0.2947946357727051
-0.0010681210702493948,0.2941520309448242
-0.0010340480775553607,0.29416500091552733
-0.0004196525926887795,0.2947708320617676
0.0004322924763769387,0.29563159942626954
0.0011551773885681293,0.296378059387207
0.001305946979224537,0.29655548095703127
0.000787199942105854,0.2960527992248535
-9.224606784463685e-05,0.2951714706420898
-0.0008700077749057011,0.2943759536743164
-0.0010554533835677171,0.2941689682006836
-0.0005526697400907166,0.29466047286987307
0.00021819543754802995,0.295435791015625
0.0009672693339727867,0.29620460510253904
0.0012864737519808767,0.2965500640869141
0.0009186616811160397,0.29620100021362306
9.52606764976216e-05,0.2953795433044434
-0.0007424393673545748,0.2945266914367676
-0.0011541423988551958,0.29409143447875974
-0.0008755396839347229,0.29435216903686523
-0.00012827387011443703,0.29509681701660156
0.0007510593380007369,0.2959914779663086
0.001258012714839385,0.2965241050720215
0.0009921927467975156,0.2962785339355469
0.0005602833858801004,0.29585805892944333
-0.0004478422952652328,0.2948407936096191
-0.0013990756501656154,0.29386100769042967
-0.0014905361232462888,0.29373912811279296
-0.0008864505747315232,0.29432512283325196
1.4401453120482799e-05,0.29522626876831054
0.0008442445733500836,0.29607334136962893
0.0011584887559797363,0.29641122817993165
0.0007617777210945365,0.2960300636291504
3.011130295715869e-06,0.29527135848999025
-0.0007699265947516132,0.2944827079772949
-0.0012277351551417404,0.2939998435974121
-0.0009844277817507852,0.29422306060791015
-0.0001533374774585483,0.2950510215759277
0.0007014123165242636,0.29592008590698243
0.0011944984805941639,0.29643754959106444
0.0009469211483114082,0.2962092971801758
0.0002226020948519758,0.2954895210266113
-0.0005911208058096418,0.29466373443603516
-0.0011362644083702245,0.294095401763916
-0.0010700614895876037,0.29413976669311526
-0.0004984233670956573,0.29470123291015626
0.0003526297712668214,0.2955594825744629
0.0011378943755485094,0.2963679695129395
0.0011741471844485818,0.2964281845092773
0.0006128014630496503,0.29587934494018553
-0.0002635117256351571,0.29499765396118166
-0.0009466684625580313,0.2942951774597168
-0.001105832627486536,0.2941134452819824
-0.000628901826987549,0.29457754135131836
0.0002166298533510247,0.29542749404907226
0.0009459402158787378,0.2961761093139648
0.00117652244915889,0.29643070220947265
0.0007847592731249353,0.2960549545288086
-9.12194749380646e-06,0.2952608871459961
-0.000817500070677657,0.2944358253479004
-0.0011672705984389076,0.2940622329711914
-0.0008530774081498271,0.294359016418457
-7.40918792739298e-05,0.29513648986816404
0.0007811852006211484,0.29600770950317384
0.0012599653357200369,0.29651220321655275
0.0010308548198992296,0.29630413055419924
0.00029567931285673366,0.2955749893188477
-0.0005544965872432139,0.29471349716186523
-0.0011169711849172703,0.2941282272338867
-0.001006648439075386,0.2942180061340332
-0.00039739918306241906,0.29481914520263675
0.00041206247247377314,0.2956370162963867
0.0011300434520282177,0.296378059387207
0.001147723878764051,0.29641916275024416
0.0005363634105881587,0.2958187484741211
-0.0005204064906802475,0.2947513580322266
-0.0014648800289575048,0.2937769889831543
-0.001420740967196743,0.29379213333129883
-0.0007597509220227949,0.2944376182556152
0.00010890288242842994,0.2953084945678711
0.0009407439135249995,0.29615953445434573
0.0012050009346685209,0.2964483833312988
0.0007864993656822028,0.29604593276977537
-2.0482376392183532e-05,0.2952385330200195
-0.0008116796319405095,0.2944307708740234
-0.001208558298212814,0.29400922775268556
-0.0009249980178686612,0.29427391052246094
-8.838587489407024e-05,0.2951087188720703
0.0007883925237561207,0.2960015869140625
0.0012748043912985674,0.2965140151977539
0.0010153590236874344,0.29627529144287107
0.00026952121882406477,0.2955349540710449
-0.0006172351723492953,0.2946356010437012
-0.001167856624908148,0.2940611457824707
-0.0010515440938504428,0.29415599822998045
-0.00041702253509351417,0.2947820091247559
0.0004574872729081192,0.29566585540771484
0.0011416991912683305,0.2963733673095703
0.001169763568649007,0.2964253044128418
0.0005897574269147499,0.2958573341369629
-0.00026276724432861,0.2949994468688965
-0.0009671169256871281,0.2942753601074219
-0.0010848992209624986,0.29413543701171874
-0.0005656197546096142,0.29464317321777345
0.000297020536600745,0.29551187515258787
0.0009932831135396891,0.29622840881347656
0.0011942823194329155,0.2964537811279297
0.0008092295282688955,0.29608524322509766
2.503479573645606e-06,0.2952785682678223
-0.0008248552448029689,0.29443437576293946
-0.0011804788064108118,0.2940546607971191
-0.000803122816098012,0.2944156265258789
-1.2407115757451237e-05,0.2952060890197754
0.0008321033404004585,0.2960675811767578
0.0012773410038171007,0.2965388870239258
0.0008987580661870553,0.2961786460876465
0.00011108304524420909,0.29539323806762696
-0.0006785024309682863,0.29458980560302733
-0.001189374292138945,0.2940546607971191
-0.0010348361501681946,0.2941880798339844
-0.000289674247721472,0.2949273300170898
0.0005229227498061984,0.2957505989074707
0.0010559907535502844,0.2963052177429199
0.001055357388674627,0.29632612228393557
0.0004486854368239701,0.29572860717773436
-0.0006042187070931515,0.2946633720397949
-0.0014498362067306148,0.29378816604614255
-0.0013508565724397181,0.29385957717895506
-0.0007032831818356011,0.2944927978515625
0.00020241036571216897,0.29540262222290037
0.0009546224580805895,0.29617431640625
0.0011952742716143105,0.29643936157226564
0.0007176013911625034,0.29597633361816406
-0.0001498355823394415,0.2951058387756348
-0.0009161835819964104,0.29432079315185544
-0.0012392509015674014,0.2939724349975586
-0.000851167848868073,0.294343147277832
5.519585868141164e-06,0.29519994735717775
0.0008613353263529078,0.29607334136962893
0.0012671276475358373,0.2965049934387207
0.001004303023662223,0.29626266479492186
0.00023926533355039803,0.2955025100708008
-0.0005967165673589347,0.2946543502807617
-0.0011028688601572578,0.2941256904602051
-0.0009733697715283429,0.2942353248596191
-0.00032945817748936124,0.2948725128173828
0.0005521416672127355,0.295765380859375
0.0011853378780579682,0.29642276763916015
0.0011185273302136145,0.2963787841796875
0.0004632264094638905,0.2957329368591309
-0.00041433836591775464,0.2948469161987305
-0.0010693751917390526,0.2941700553894043
-0.001146588075477517,0.2940694427490234
-0.0005649332457306477,0.2946395683288574
0.0003121796281683742,0.2955230522155762
0.0009925872654634182,0.29622371673583986
0.0010904204566775655,0.2963438034057617
0.000620508333554759,0.29588655471801756
-0.00017926564842390968,0.295083122253418
-0.0009672872385315667,0.2942753601074219
-0.0012914446828479198,0.2939248466491699
-0.0008980933587710016,0.29429986953735354
-4.257961171283409e-05,0.29515451431274414
0.0008265722277138177,0.29604053497314453
0.0012376393549368703,0.29647686004638674
0.0008902436692785343,0.29614763259887694
7.90561512396537e-05,0.2953380584716797
-0.0007332164238115224,0.29451082229614256
-0.0012051800555403225,0.29401426315307616
-0.0010068481676863694,0.2941920471191406
-0.00025411499766753165,0.29493959426879884
0.0006295107745758477,0.295836067199707
0.0011243901178001892,0.2963538932800293
0.0009722171042625405,0.2962215614318848
0.00036047883212358967,0.2956171798706055
-0.0007168113109251584,0.29452526092529296
-0.0014997456688131128,0.29371171951293945
-0.001384571235783505,0.29379863739013673
-0.0007055751846029579,0.2944632339477539
0.0002641095917941816,0.29543830871582033
0.0010112184522043655,0.2962060546875
0.0011630914800108694,0.29638166427612306
0.0006595569758501285,0.2958915901184082
-0.00022369146041978372,0.295003776550293
-0.0009737208813334064,0.2942338752746582
-0.0012634684943464425,0.293918342590332
-0.0008537043429653335,0.29431068420410156
4.9689095090288404e-05,0.2952150917053223
0.0009339492194384014,0.29611841201782224
0.0013291114826082806,0.296540699005127
0.0009911763324239042,0.2962229919433594
0.00020520442931060145,0.2954412078857422
-0.0006961725322004453,0.2945256233215332
-0.0011720733766003577,0.2940258026123047
-0.0009560293700058842,0.29422233581542967
-0.00030113722193680914,0.2948710823059082
0.0005367737213545221,0.29571994781494143
0.0011565012748815384,0.2963632774353027
0.0011361937438907899,0.2963661575317383
0.0004936052144719483,0.295733642578125
-0.00041069857621889305,0.2948209571838379
-0.0010580323189279262,0.2941520309448242
-0.0011011909016753751,0.29408639907836914
-0.0005342387236564883,0.29464244842529297
0.0003592326108752264,0.29554325103759765
0.001027745666787594,0.296232738494873
0.0011245205416599013,0.2963524627685547
0.0006627490486733612,0.2959042167663574
-0.00018452502104521207,0.2950531768798828
-0.000953712023065767,0.2942645263671875
-0.0012003821826288008,0.29399335861206055
-0.000774570950109077,0.2944033622741699
5.1611920919458765e-05,0.295230598449707
0.0008460745250303825,0.2960423278808594
0.0011966941569662715,0.2964173698425293
0.0007977984207996336,0.2960347557067871
0.0002733074487215603,0.29551584243774415
-0.0008344082272304099,0.29439109802246094
-0.001536521561098847,0.2936576271057129
-0.0013018799207704657,0.2938656997680664
-0.0006291172399576217,0.2945256233215332
0.00030688810899187624,0.2954678916931152
0.0010368606525981705,0.2962190246582031
0.001152182628389009,0.29635786056518554
0.0006329780871493496,0.2958515739440918
-0.00022889717283586242,0.2949850273132324
-0.0009788224795012068,0.29421512603759764
-0.0011695125246621307,0.2940005683898926
-0.0006750460717763196,0.29448125839233397
0.00020215686076763273,0.29536258697509765
0.0009808793027759055,0.2961613273620605
0.0013514201792448333,0.2965594482421875
0.0009137468629402123,0.2961404228210449
7.629429811795152e-05,0.29530452728271483
-0.0007341472982936303,0.2944791030883789
-0.001168988659578707,0.2940204048156738
-0.0008904628597757869,0.2942807579040527
-0.00011497270963589656,0.2950539016723633
0.0007983943257335868,0.29598356246948243
0.001323466859751099,0.29653564453125
0.0011393864385717545,0.29637481689453127
0.0003787126624369974,0.2956218719482422
-0.0006215572084874998,0.29460891723632815
-0.001267159816759178,0.2939374542236328
-0.0011813853307511835,0.2939991188049316
-0.0005149204811917829,0.2946550750732422
0.0003346868578754658,0.2955115127563477
0.0010255978723048287,0.2962233543395996
0.0011941556627835248,0.2964162826538086
0.0006571393097817846,0.2958926773071289
-0.00025045385483180027,0.29497997283935545
-0.000988975814112114,0.2942212677001953
-0.0012395576259548458,0.29394538879394533
-0.0007634664246076173,0.2944058990478516
0.00014976738142358226,0.2953221893310547
0.0009783237763488217,0.296170711517334
0.0012852881388345505,0.29650390625
0.0009061911101886921,0.2961433029174805
7.915157753568547e-05,0.2953178787231445
-0.0007635161250355571,0.2944596290588379
-0.0011861062914264586,0.29401283264160155
-0.0008740224254855655,0.29430707931518557
-0.00014903045659014902,0.2950290298461914
0.0006501365996852138,0.2958414649963379
0.001211408693741256,0.29642745971679685
0.001075869561004139,0.2963138771057129
0.0002581470306239342,0.2955014228820801
-0.0006842336223908951,0.2945450782775879
-0.0012296084744792823,0.293974609375
-0.0011774642725189688,0.29400272369384767
-0.00048386226795232856,0.29468645095825197
0.00041460167479440146,0.29559337615966796
0.0008794980415670617,0.29607622146606444
0.0008544873501449279,0.29606864929199217
0.00039635947142818706,0.2956186103820801
-0.0004151748957347823,0.2947986030578613
-0.0010705501392751504,0.2941213798522949
-0.0012152363960111212,0.2939518928527832
-0.0006937053344727717,0.29445926666259764
0.00014816903161607442,0.2953041648864746
0.0009781592947825657,0.2961541175842285
0.0012964543089601377,0.29649887084960935
0.0008132250366237326,0.2960322380065918
-3.246031676984451e-05,0.29518589019775393
-0.0008319041890477719,0.29436946868896485
-0.0011594795909845579,0.29401823043823244
-0.0008503769132273686,0.2943099784851074
-8.983833858583479e-05,0.2950686836242676
0.0007650620658812279,0.2959391975402832
0.0012773803771759518,0.2964775848388672
0.0010560525877476024,0.2962778091430664
0.0003157748892641532,0.29554397583007813
-0.0006372912493902705,0.2945779037475586
-0.001270915358484559,0.293918342590332
-0.0011207465325159816,0.29404563903808595
-0.0003940164163188098,0.2947643280029297
0.0005341092733357478,0.29570335388183594
0.0012150317021268342,0.29640907287597656
0.0012387882427669084,0.29645811080932616
0.0006369151573549225,0.29586923599243165
-0.00026496499149530894,0.2949619483947754
-0.0010685814021146323,0.29413652420043945
-0.0012981314049316794,0.2938804817199707
-0.0007180439446797804,0.29444591522216795
0.00018581392823235898,0.29535356521606443
0.000998097634409001,0.29618621826171876
0.0012170196538887623,0.2964299774169922
0.000740332459053139,0.29596839904785155
-6.395020331151358e-05,0.2951628112792969
-0.0009069335130880707,0.29430131912231444
-0.0012542050753702183,0.29392845153808594
-0.00093687129429737,0.2942266654968262
-0.0003958041564973702,0.2947596549987793
0.0004722811466033039,0.29563737869262696
0.0009063410015764939,0.29608993530273436
0.0008663071380879406,0.2960675811767578
0.0004305602037001921,0.2956406211853027
-0.0003742561395339572,0.2948281669616699
-0.0010364498955274248,0.2941448211669922
-0.0011687524375338376,0.29398866653442385
-0.0006128044517714759,0.29453210830688475
0.00026102275847977863,0.295411262512207
0.0010237451133688347,0.29619487762451174
0.0012481730126150947,0.2964447784423828
0.0007581334872993062,0.29597021102905274
-8.14966507084458e-05,0.2951289176940918
-0.0008439215882996565,0.2943492698669434
-0.0011511066483549381,0.2940185928344727
-0.0007764502990792455,0.29437740325927736
1.937693993459e-05,0.2951736259460449
0.0008872896483282933,0.2960596466064453
0.001336021821670308,0.29653564453125
0.001074996957136365,0.296296558380127
0.00030252655900925296,0.2955302619934082
-0.000671116211550804,0.2945429229736328
-0.0012132393127348151,0.2939760398864746
-0.0010246343165191685,0.2941437339782715
-0.0003546127453011305,0.2948065185546875
0.0005147796194682197,0.29568641662597656
0.0011830042297155674,0.2963787841796875
0.00117594265586346,0.2963957214355469
0.0005311572469600678,0.295761775970459
-0.0003290180525201136,0.2948948860168457
-0.0010712959525780996,0.29413074493408203
-0.0011993500902892085,0.293978214263916
-0.000638210607404377,0.29452632904052733
0.00023578826966069721,0.2954051399230957
0.0010668486425731705,0.29625797271728516
0.0013073868223096308,0.2965251922607422
0.0008416028553946964,0.2960765838623047
2.0808472237066056e-05,0.2952562141418457
-0.0007931403357575029,0.2944260787963867
-0.0011052289603167842,0.29409143447875974
-0.0007251348791573187,0.294456729888916
-6.461739580759795e-05,0.2951159286499023
0.0007187489267179714,0.2959139633178711
0.001201600281801718,0.29642133712768554
0.000954927666424521,0.29619415283203127
0.0002251399498879869,0.2954689598083496
-0.0006027648724251655,0.2946287536621094
-0.0011473204453379404,0.2940607833862305
-0.0011116447731255308,0.29407377243041993
-0.0004550609102558223,0.2947210693359375
0.0005290532779200219,0.29571598052978515
0.0008799945054524527,0.2960848808288574
0.0007956080400259857,0.296016731262207
0.00029235762238949414,0.29551944732666013
-0.0005347793554977276,0.294681396484375
-0.001182098828812539,0.29400995254516604
-0.001265898563662049,0.29390031814575196
-0.0006465296127745601,0.2945064926147461
0.00023787886949561132,0.2953957557678223
0.001022260848990486,0.29620100021362306
0.0012442510873328927,0.2964483833312988
0.0007175414958840998,0.29593631744384763
-0.00014849237846714658,0.29506725311279297
-0.0008975584348284715,0.29429986953735354
-0.0011651465117373805,0.2940085029602051
-0.0007654798272301866,0.2943925476074219
6.123151797166049e-05,0.29522050857543947
0.000903558904824131,0.2960812759399414
0.001335012033978622,0.2965399742126465
0.0010344363660529377,0.2962605094909668
0.0002313185158070441,0.2954621124267578
-0.0006688049858567524,0.29454833984375
-0.0011622068402411534,0.2940312194824219
-0.0009728654439148943,0.2942007064819336
-0.00022929810390859284,0.29493959426879884
0.0006651400005035502,0.29584760665893556
0.0012363552516409526,0.29644405364990234
0.0011589727358415902,0.29639032363891604
0.0005184146647917443,0.2957603454589844
-0.0003531882934210695,0.294881534576416
-0.0010511500097303839,0.2941621208190918
-0.0011499241439352215,0.2940398788452148
-0.0005487815875701019,0.29462982177734376
0.00036866338927404874,0.29555479049682615
0.0011200364593792478,0.2963290214538574
0.0012347416719641346,0.29646892547607423
0.0007541672456293225,0.29600374221801756
-7.97385785312743e-05,0.2951682090759277
-0.0008994336324001373,0.29433015823364256
-0.0011387031842394202,0.2940676498413086
-0.0007544068274638605,0.29443655014038084
2.8605427127459393e-05,0.2952201461791992
0.0008726507807430561,0.29608200073242186
0.0013001238362951861,0.2965360069274902
0.001005890921336905,0.2962623023986816
0.00019274560657234208,0.2954530906677246
-0.0006398198615893969,0.2946074676513672
-0.0011277825891134463,0.29409648895263674
-0.0009271107111349375,0.2942782402038574
-0.000324405594080146,0.294874324798584
0.00040265975779169016,0.2956096076965332
0.0009140950880264787,0.29613969802856444
0.0009120752407093535,0.2961562919616699
0.00030825023980141086,0.29555875778198243
-0.0005216906286421019,0.29471817016601565
-0.0011014198562304123,0.29411596298217774
-0.0011560848032219906,0.29403770446777344
-0.0005374915342815645,0.29464532852172853
0.00037372750416775347,0.2955641746520996
0.0010885872436351973,0.2963012504577637
0.001165771034651153,0.2964022254943848
0.0005702929857843153,0.29581838607788086
-0.00020197140969796523,0.29504199981689455
-0.0009549025778174958,0.29426958084106447
-0.0012114556950844069,0.2939883041381836
-0.0008348820682432812,0.29434783935546877
2.607788696434854e-05,0.29520933151245116
0.0009171655211195895,0.2961191368103027
0.0012974668487587548,0.2965259170532227
0.0009721835579261651,0.29622047424316406
0.00016077783537604695,0.2954123497009277
-0.0007393554459408369,0.294497127532959
-0.0011631391225445098,0.2940496063232422
-0.000875178692998857,0.2943197059631348
-0.0001445186097394635,0.29504741668701173
0.0007291393558391257,0.29593595504760745
0.0012874108015104024,0.2965205001831055
0.0011616416046452138,0.2964184379577637
0.00048357135494975223,0.29575023651123045
-0.0003890917866268273,0.29486963272094724
-0.0010478111868561513,0.29418952941894533
-0.0010858656595301719,0.2941293144226074
-0.000500490585719493,0.294704475402832
0.000415633422772288,0.2956290817260742
0.0011635810539994407,0.2964007759094238
0.0013173602141694496,0.2965814399719238
0.0007983849123519016,0.2960787582397461
-8.799523096347794e-05,0.29519058227539063
-0.0009234320579115662,0.2943362998962402
-0.0012021664807181365,0.29403303146362303
-0.0007957592595022045,0.29442319869995115
2.2361202177134665e-05,0.2952417755126953
0.0008842140879968818,0.2961216735839844
0.0012757541256949168,0.296539249420166
0.0009745878743577796,0.29625797271728516
0.00017939611992240367,0.2954664421081543
-0.000662098830674307,0.2946114349365234
-0.0011397279020344264,0.29411054611206056
-0.0009077136021724552,0.29432403564453125
-0.00014036461272176615,0.2950885200500488
0.0005748888923012285,0.2958155059814453
0.0007567039501485406,0.2960127639770508
0.0006493247692168636,0.2959186363220215
9.247535879347568e-05,0.29536367416381837
-0.0006433909483091749,0.2946146774291992
-0.0011323476990451886,0.29410261154174805
-0.0011058128056112282,0.2941065788269043
-0.00044368190106147676,0.2947596549987793
0.00044973534657888337,0.29566225051879885
0.001135878045042782,0.29637157440185546
0.0011583951643177604,0.29641773223876955
0.0005648403744347164,0.29583570480346677
-0.00020095968317607182,0.295065803527832
-0.0008998350817976952,0.29434856414794924
-0.0010836373913922226,0.29414264678955077
-0.0006265715008641481,0.2945869255065918
0.00018321182124297897,0.295400447845459
0.0009552475817663497,0.29619197845458983
0.0012665800996134458,0.2965291595458984
0.0008984556051651604,0.29617937088012697
5.175724501493839e-05,0.2953337287902832
-0.0008437095862866562,0.2944210433959961
-0.0012240594393607696,0.2940157127380371
-0.0009705823551878212,0.294249382019043
-0.0001931346668243572,0.29502288818359373
0.0006889163504867901,0.2959189987182617
0.0012130194932036265,0.29646785736083986
0.0010636534362252759,0.2963401985168457
0.0003695051538777361,0.29565359115600587
-0.00048496975754941385,0.2947892189025879
-0.0011322386698935372,0.2941188430786133
-0.001132566384899003,0.294095401763916
-0.00043315190412485105,0.2947859764099121
0.0004568771007544825,0.29568532943725584
0.0011414563708732062,0.29639320373535155
0.0011953205875719353,0.29647146224975585
0.0006374206455470599,0.295926570892334
-0.00021923493289127682,0.2950654411315918
-0.0009933727256885017,0.29427103042602537
-0.001190145743586779,0.2940499687194824
-0.0007472117404581646,0.294477653503418
-0.00015445988846152225,0.29506725311279297
0.0005889827028623396,0.2958227157592773
0.0007676933899916638,0.29601709365844725
0.000546297423192843,0.29580684661865236
1.3966364720841007e-06,0.2952619743347168
-0.0008545574284595236,0.2943885803222656
-0.0014131430071852025,0.29380115509033206
-0.001250596699775841,0.2939381790161133
-0.0005806354249600076,0.2945962905883789
0.0003059879646915564,0.2954891586303711
0.0010292867692404672,0.2962334632873535
0.0010111683800470561,0.29623598098754883
0.00019262767541000647,0.29542137145996095
-0.0006212060334937486,0.2945948600769043
-0.0012565724401675804,0.2939338493347168
-0.0013671450318915035,0.29379537582397464
-0.0008312671275915728,0.2943142890930176
3.3508468256171486e-05,0.29517974853515627
0.0008732313652972667,0.29603729248046873
0.0012179806356963918,0.29640689849853513
0.000836696965975714,0.2960426902770996
-1.6878556595767424e-05,0.29518877029418944
-0.0009321881107079433,0.29425443649291994
-0.0012669356143629185,0.2938938331604004
-0.0008549899227055513,0.294288330078125
-4.6993517806126484e-05,0.2950953674316406
0.0008399105554308672,0.2959994125366211
0.001318936776695312,0.29650535583496096
0.0011420125394523972,0.2963517379760742
0.0004381660478186,0.2956568336486816
-0.0004410097182060979,0.2947686576843262
-0.0010842044469376866,0.2941033363342285
-0.0010572118252840657,0.2941087532043457
-0.0004003147201260271,0.2947574806213379
0.000515226364315502,0.295683536529541
0.0012297234727713935,0.2964231300354004
0.0012606256006060246,0.2964797592163086
0.0006240346095900406,0.2958559036254883
-0.0002517929453947354,0.29497493743896486
-0.0009804187380981766,0.29422630310058595
-0.0011427958369690794,0.2940406036376953
-0.0006767895906398258,0.2944927978515625
0.0001541480871593004,0.2953268814086914
0.0010342068337901855,0.2962280464172363
0.0012965945965284775,0.29651689529418945
0.0008448211823811058,0.2960823631286621
1.3345367254002927e-05,0.2952511596679688
-0.0008202303322054072,0.2944008445739746
-0.001151927150732146,0.29404563903808595
-0.000857835674978269,0.29432222366333005
-4.9072058402488405e-05,0.29512998580932615
0.0006131207780292747,0.2958046913146973
0.0008563595373954347,0.2960654067993164
0.0007728009196455443,0.29599761962890625
-4.734641344461554e-05,0.29517650604248047
-0.0009563829293895432,0.2942479515075684
-0.001366274435840864,0.2938101768493652
-0.001147767001323241,0.2940052604675293
-0.00036572886710728447,0.29477983474731445
0.0005268583085014655,0.2956831741333008
0.001196953542844048,0.2963776969909668
0.0011889213781151042,0.29639392852783203
0.0005459885926427099,0.29576213836669923
-0.0002476967584337797,0.2949633979797363
-0.000939637278221106,0.29425228118896485
-0.001063277699160592,0.2941069412231445
-0.0005066167136587585,0.29465326309204104
0.0003537967638028716,0.2955208969116211
0.0010838965792592803,0.2962731170654297
0.0013120748335871402,0.2965280723571777
0.0008900298853772859,0.29612419128417966
7.816979930519441e-06,0.29524213790893555
-0.0009277813304933158,0.2942876052856445
-0.0012233824269058946,0.29396703720092776
-0.0008437477709215546,0.2943294525146484
-1.6200055493353904e-05,0.29515666961669923
0.0008630225662219493,0.29605350494384763
0.00126418290652347,0.2964804649353027
0.0010049499686078378,0.2962417411804199
0.0002441424273655901,0.2954859161376953
-0.000648480365639692,0.2945800590515137
-0.0012542912759050395,0.2939486503601074
-0.0011465119689416103,0.29403303146362303
-0.00038534053388405987,0.29478633880615235
0.0005019565020133454,0.29568387985229494
0.0011481753828373464,0.2963535308837891
0.0011464273140233683,0.2963751792907715
0.0005022322119567213,0.29574123382568357
-0.00039166443728727574,0.2948393440246582
-0.0011068757347231784,0.2941015434265137
-0.0011893387449310455,0.2939948081970215
-0.0006828306412970386,0.29448738098144533
0.00018710725204640344,0.2953611373901367
0.0009580183510240481,0.2961515998840332
0.0011841159338326634,0.29640186309814454
0.000742367971845459,0.2959752655029297
-0.00012451758034048854,0.2951058387756348
-0.0009662895425764928,0.29424434661865234
-0.0012240355138099512,0.2939616203308105
-0.0008235461975766856,0.2943453025817871
-2.888923846888769e-05,0.2951393699645996
0.0006555172816520294,0.2958371543884277
0.0009427876428061421,0.2961436653137207
0.0007762088827478753,0.29599292755126955
-3.163249461407558e-05,0.295184440612793
-0.0009763298923292085,0.2942198181152344
-0.0014147950852541058,0.29375247955322265
-0.001206270759476713,0.29393638610839845
-0.000390538441211008,0.29474414825439454
0.0005594247323983392,0.2957055282592773
0.0011843442547182503,0.2963546180725098
0.0010920950527292805,0.2962846565246582
0.00039739663006826964,0.29559806823730467
-0.00046825317631232766,0.29472286224365235
-0.0011094824426200467,0.29405899047851564
-0.00111910660602349,0.29402652740478513
-0.0005567308063004206,0.29457754135131836
0.00032517140320936777,0.2954660797119141
0.001080591955858079,0.2962435531616211
0.001275265440837614,0.2964642524719238
0.0007567581941546608,0.2959611892700195
-0.00021395024243348049,0.2949861145019531
-0.001054643848058423,0.29412389755249024
-0.0012925849371617226,0.29385957717895506
-0.0008062554094390162,0.2943294525146484
8.450653957009502e-05,0.2952219390869141
0.0009065922724261211,0.29606252670288086
0.0013397417837890946,0.29652301788330077
0.0010821753111504573,0.29628753662109375
0.00028731784618724054,0.2954985427856445
-0.0006174771252384637,0.29458114624023435
-0.0011642057992863886,0.2940106582641602
-0.0010076849889646966,0.29414661407470705
-0.00024611245068445475,0.2949031639099121
0.0006263997488907269,0.295788459777832
0.001209698475104326,0.29639644622802735
0.0010996333813346748,0.29630882263183594
0.0004100740327997454,0.29562763214111326
-0.0005169522159226836,0.29469005584716795
-0.0011384967928200207,0.2940452766418457
-0.0011376339004206537,0.29402292251586915
-0.0005918599058838958,0.2945566177368164
0.0002691929904760082,0.2954231643676758
0.0010487055997827066,0.2962240791320801
0.0011899408078553941,0.29638959884643556
0.0006470086146230791,0.29585987091064453
-0.0002112593164584342,0.2949972915649414
-0.0009784910393089152,0.29421009063720704
-0.0012261049038254646,0.2939374542236328
-0.0007555912896356487,0.2943925476074219
7.198772976058088e-05,0.2952215957641602
0.0007501149307317934,0.2959150314331055
0.0009863894112919769,0.29617143630981446
0.000780059221332674,0.29598102569580076
9.406886149099236e-05,0.29529695510864257
-0.0007559627690347237,0.2944314956665039
-0.0013140528947575558,0.2938465881347656
-0.0010778604904267963,0.2940607833862305
-0.0003244173705840847,0.2948076057434082
0.0005920731130580337,0.2957361793518066
0.0012007879099522056,0.2963694000244141
0.0010120954854934139,0.2962013626098633
0.0002938936758812294,0.2954891586303711
-0.00048592714502410095,0.29469942092895507
-0.0011239804374507667,0.2940384292602539
-0.0010990147904937353,0.29404096603393554
-0.00045012294988400203,0.29468067169189455
0.00043246959700427023,0.29557209014892577
0.0011504162744001012,0.29631351470947265
0.0013023278402695682,0.29649200439453127
0.0008232428770920674,0.29602972030639646
-0.0001106448472710242,0.29509357452392576
-0.000937497654671271,0.29424758911132814
-0.0011078174495026683,0.2940546607971191
-0.0006456884137450158,0.29450361251831053
0.00019135636649281196,0.29534456253051755
0.0009671171755643582,0.2961400604248047
0.0012994090483616771,0.29649887084960935
0.0009344972223749859,0.29615303039550783
0.00015707963205346953,0.2953788185119629
-0.0006949225105143952,0.29451263427734375
-0.001213952145631303,0.29396883010864255
-0.0010359499581873988,0.2941256904602051
-0.00022855874833033196,0.29492841720581053
0.000664799124024007,0.2958353424072266
0.0012349557477446815,0.29643070220947265
0.0011155441846697478,0.2963340568542481
0.0004479475038572378,0.29567560195922854
-0.0004551066763224809,0.2947632598876953
-0.001081776103464993,0.2941145133972168
-0.0010785148337150163,0.29409576416015626
-0.0005317923306198402,0.2946316337585449
0.00015347577917618205,0.2953200340270996
0.0007596538527039898,0.2959417152404785
0.0010119809172514649,0.29621469497680664
0.0008122231714650097,0.2960315132141113
-2.3554067843156723e-05,0.295195255279541
-0.0008860747009638015,0.29431465148925784
-0.0013588691066027114,0.29381412506103516
-0.0011836135689530791,0.29396522521972657
-0.0003248567638825528,0.2948173522949219
0.0006418118801841399,0.295797119140625
0.0012166713365502346,0.2963968086242676
0.00106405459988268,0.29626590728759766
0.00036107566242604694,0.2955702972412109
-0.0005020719830246545,0.29469690322875974
-0.0010892778578172613,0.2940874671936035
-0.0010134162966325966,0.29414264678955077
-0.00048354752209156526,0.29466264724731445
0.0003520114898736826,0.2955053901672363
0.0011249143447930043,0.2963012504577637
0.0011904180720572755,0.29639104843139646
0.0006329713286581939,0.29584651947021484
-0.0002285486478417198,0.2949803352355957
-0.0009950794357491133,0.29419349670410155
-0.0012055943356815702,0.2939583778381348
-0.0007142941860284746,0.29443510055541994
0.000168647093199914,0.29532148361206056
0.0009756104550468492,0.2961483573913574
0.0012561238044176415,0.29645450592041017
0.000885741089681813,0.29610219955444333
7.428847491947055e-05,0.29529226303100586
-0.0007276268294910126,0.2944754981994629
-0.0011353830239803075,0.2940445709228516
-0.0008387999362546306,0.29432403564453125
-7.636201125998943e-05,0.29508491516113283
0.0008277466346048312,0.296005916595459
0.0013296147823571025,0.29653491973876955
0.0010718957014316244,0.29629907608032224
0.0003115249871100678,0.29554506301879885
-0.0005110606456887878,0.2947120475769043
-0.0010634504404654632,0.29413795471191406
-0.0009764416092684636,0.2942050361633301
-0.0003328237267901657,0.2948418617248535
0.0005396656487466345,0.2957253646850586
0.0011914856322804979,0.2964015007019043
0.0012542373405333707,0.2964898490905762
0.0006230826474336593,0.295871410369873
-0.00033648479469955417,0.2949049758911133
-0.0010725945305682383,0.2941469764709473
-0.001176958603701983,0.2940185928344727
-0.000662903531969794,0.2945191192626953
0.00017095275949480238,0.29535646438598634
0.000977870008015802,0.2961833381652832
0.001276357270331041,0.29650787353515623
0.0008610455027320829,0.29611013412475584
3.913327798016342e-05,0.29528902053833006
-0.0008179306680969334,0.2944152641296387
-0.001360631579271132,0.29384479522705076
-0.0011860697808155352,0.2939951515197754
-0.00036436750446189325,0.2948094177246094
0.0005348841858373032,0.2957195854187012
0.0010850217682338292,0.2962918663024902
0.0009488327311845679,0.29617504119873045
0.00024462543996423003,0.2954758262634277
-0.0006144361514766605,0.2946042251586914
-0.0011817120951951865,0.29401283264160155
-0.0010647859984329044,0.29410802841186523
-0.00045614973280994064,0.2947073554992676
0.00041172188855526093,0.2955836296081543
0.0011781406948027096,0.2963740921020508
0.0012082987366195397,0.2964289093017578
0.00057451133244385,0.29580684661865236
-0.00025509107682225585,0.29497203826904295
-0.000967370160437131,0.2942400169372559
-0.001120475302394397,0.2940640449523926
-0.0005817549137781541,0.29459089279174805
0.00030169453081091424,0.29548049926757813
0.0009950411333587983,0.29619415283203127
0.0012225104583967195,0.29644657135009767
0.0008301826704934512,0.29607118606567384
5.765517369976658e-05,0.29529983520507813
-0.0007566567279919667,0.2944700813293457
-0.0011341494021479548,0.2940694427490234
-0.0008185064379086504,0.29436838150024414
-2.00623345411044e-05,0.2951664161682129
0.0008574617911780158,0.29606143951416014
0.0013177627354082344,0.2965486335754395
0.0010521496682001086,0.2963044929504395
0.0002539860846261788,0.2955115127563477
-0.0005660281768612996,0.29467994689941407
-0.0011204962638367566,0.29410261154174805
-0.0010076169782085032,0.29419492721557616
-0.00031316883175958043,0.2948829841613769
0.0005836382918238958,0.29579170227050783
0.0012349526628282481,0.2964682197570801
0.0012310952080824555,0.29648948669433595
0.0006113568793602586,0.2958822250366211
-0.00011473706425724206,0.29515378952026367
-0.0009135821545150358,0.2943362998962402
-0.0014130419872547817,0.29380800247192385
-0.0011578974499998895,0.29403951644897464
-0.0002445322103504233,0.2949478912353516
0.0005505447436710553,0.2957542037963867
0.0009706839037292858,0.29619415283203127
0.0008717543870316313,0.2961130142211914
0.00019417334897364746,0.295439395904541
-0.0006415983168583383,0.2945905303955078
-0.0011708909080162533,0.2940373420715332
-0.0009937312533080944,0.29419422149658203
-0.0003547209623483427,0.29482599258422854
0.0004697940349015495,0.29566009521484377
0.0011873306798382832,0.29640186309814454
0.0012119963892395225,0.29645126342773437
0.0005922848885787091,0.2958436393737793
-0.0002761972380257993,0.2949695205688477
-0.0009838298026646486,0.2942418098449707
-0.001124586785102577,0.2940781021118164
-0.000588961809654398,0.2946017074584961
0.0002790987070562245,0.2954754638671875
0.000991963083012748,0.2962085723876953
0.001168614299868087,0.29640907287597656
0.0007215126895299129,0.2959766960144043
-0.00010289871965618591,0.2951501846313477
-0.0009090461590814392,0.2943254852294922
-0.0012276579910267538,0.29398181915283206
-0.00084122738979997,0.2943510818481445
-1.0178598839838404e-05,0.29518192291259765
0.0008675030004807183,0.29607730865478515
0.0013300704667161822,0.29656702041625976
